Gmail Active 	2022-02-06 12:10
Gmail Inactive 	2022-02-07 02:00
Gmail Inactive 	2022-02-07 03:00
Gmail Inactive 	2022-02-07 04:00
Gmail Inactive 	2022-02-07 05:00
Gmail Inactive 	2022-02-07 06:00
Gmail Inactive 	2022-02-07 07:00
Gmail Inactive 	2022-02-07 08:00
Gmail Inactive 	2022-02-07 09:00
Gmail Inactive 	2022-02-07 10:00
Gmail Inactive 	2022-02-07 11:00
Gmail Inactive 	2022-02-07 12:00
Gmail Inactive 	2022-02-07 13:00
Gmail Inactive 	2022-02-07 14:00
Gmail Inactive 	2022-02-07 15:00
Gmail Inactive 	2022-02-07 16:00
Gmail Inactive 	2022-02-07 17:00
Gmail Inactive 	2022-02-07 18:00
Gmail Inactive 	2022-02-07 19:00
Gmail Inactive 	2022-02-07 20:00
Gmail Inactive 	2022-02-07 21:00
Gmail Inactive 	2022-02-07 22:01
Gmail Inactive 	2022-02-07 22:02
Gmail Active 	2022-02-07 22:04
Gmail Active 	2022-02-07 23:00
Gmail Inactive 	2022-02-08 01:00
Gmail Inactive 	2022-02-08 02:00
Gmail Inactive 	2022-02-08 03:00
Gmail Inactive 	2022-02-08 04:00
Gmail Inactive 	2022-02-08 05:00
Gmail Inactive 	2022-02-08 06:00
Gmail Inactive 	2022-02-08 07:00
Gmail Active 	2022-02-08 07:58
Gmail Active 	2022-02-08 08:00
Gmail Inactive 	2022-02-08 10:00
Gmail Inactive 	2022-02-08 11:00
Gmail Inactive 	2022-02-08 12:00
Gmail Inactive 	2022-02-08 13:00
Gmail Inactive 	2022-02-08 14:00
Gmail Inactive 	2022-02-08 15:00
Gmail Inactive 	2022-02-08 16:00
Gmail Inactive 	2022-02-08 17:00
Gmail Inactive 	2022-02-08 18:00
Gmail Inactive 	2022-02-08 19:00
Gmail Inactive 	2022-02-08 20:00
Gmail Inactive 	2022-02-08 21:00
Gmail Inactive 	2022-02-08 21:20
Gmail Inactive 	2022-02-08 21:21
Gmail Active 	2022-02-08 21:22
Gmail Active 	2022-02-08 22:00
Gmail Active 	2022-02-08 22:09
Gmail Active 	2022-02-08 23:00
Gmail Active 	2022-02-09 07:57
Gmail Active 	2022-02-09 07:57
Gmail Active 	2022-02-09 07:57
Gmail Active 	2022-02-09 07:57
Gmail Active 	2022-02-09 07:57
Gmail Active 	2022-02-09 07:57
Gmail Active 	2022-02-09 07:57
Gmail Active 	2022-02-09 07:57
Gmail Active 	2022-02-09 08:00
Gmail Active 	2022-02-09 09:02
Gmail Active 	2022-02-09 10:00
Gmail Active 	2022-02-09 11:00
Gmail Active 	2022-02-09 18:38
Gmail Active 	2022-02-09 18:38
Gmail Active 	2022-02-09 18:38
Gmail Active 	2022-02-09 18:38
Gmail Active 	2022-02-09 18:38
Gmail Active 	2022-02-09 18:38
Gmail Active 	2022-02-09 18:38
Gmail Active 	2022-02-09 19:00
Gmail Active 	2022-02-09 20:00
Gmail Active 	2022-02-09 21:00
Gmail Active 	2022-02-09 22:00
Gmail Active 	2022-02-09 23:00
Gmail Active 	2022-02-10 00:00
Gmail Active 	2022-02-10 01:00
Gmail Active 	2022-02-10 02:00
Gmail Active 	2022-02-10 03:00
Gmail Active 	2022-02-10 04:00
Gmail Active 	2022-02-10 05:00
Gmail Active 	2022-02-10 06:00
Gmail Active 	2022-02-10 07:00
Gmail Active 	2022-02-10 08:00
Gmail Active 	2022-02-10 09:00
Gmail Active 	2022-02-10 10:00
Gmail Active 	2022-02-10 11:00
Gmail Active 	2022-02-10 12:00
Gmail Active 	2022-02-10 13:00
Gmail Active 	2022-02-10 14:00
Gmail Active 	2022-02-10 15:00
Gmail Active 	2022-02-10 16:00
Gmail Active 	2022-02-10 17:00
Gmail Active 	2022-02-10 18:00
Gmail Active 	2022-02-10 19:00
Gmail Active 	2022-02-10 20:00
Gmail Active 	2022-02-10 21:00
Gmail Active 	2022-02-10 22:00
Gmail Active 	2022-02-10 23:00
Gmail Active 	2022-02-11 00:00
Gmail Active 	2022-02-11 01:00
Gmail Active 	2022-02-11 02:00
Gmail Active 	2022-02-11 03:00
Gmail Active 	2022-02-11 04:00
Gmail Active 	2022-02-11 05:00
Gmail Active 	2022-02-11 06:00
Gmail Active 	2022-02-11 07:00
Gmail Active 	2022-02-11 08:00
Gmail Active 	2022-02-11 09:00
Gmail Active 	2022-02-11 10:00
Gmail Active 	2022-02-11 11:00
Gmail Active 	2022-02-11 12:00
Gmail Active 	2022-02-11 13:00
Gmail Active 	2022-02-11 14:00
Gmail Active 	2022-02-11 15:00
Gmail Active 	2022-02-11 16:00
Gmail Active 	2022-02-11 17:00
Gmail Active 	2022-02-12 10:02
Gmail Active 	2022-02-12 10:02
Gmail Active 	2022-02-12 10:02
Gmail Active 	2022-02-12 10:02
Gmail Active 	2022-02-12 10:02
Gmail Active 	2022-02-12 10:02
Gmail Inactive 	2022-02-12 10:02
Gmail Active 	2022-02-12 10:02
Gmail Active 	2022-02-12 10:02
Gmail Active 	2022-02-12 10:02
Gmail Active 	2022-02-12 10:02
Gmail Active 	2022-02-12 10:02
Gmail Inactive 	2022-02-12 10:02
Gmail Active 	2022-02-12 10:02
Gmail Active 	2022-02-12 10:02
Gmail Active 	2022-02-12 10:02
Gmail Active 	2022-02-12 10:02
Gmail Active 	2022-02-12 17:37
Gmail Active 	2022-02-12 17:37
Gmail Active 	2022-02-12 17:37
Gmail Active 	2022-02-12 17:37
Gmail Active 	2022-02-12 17:37
Gmail Active 	2022-02-12 17:37
Gmail Active 	2022-02-12 17:37
Gmail Active 	2022-02-12 18:00
Gmail Active 	2022-02-12 19:00
Gmail Active 	2022-02-12 20:00
Gmail Active 	2022-02-12 21:29
Gmail Active 	2022-02-12 22:00
Gmail Active 	2022-02-12 23:00
Gmail Active 	2022-02-13 00:00
Gmail Active 	2022-02-13 01:00
Gmail Active 	2022-02-13 02:00
Gmail Active 	2022-02-13 03:00
Gmail Active 	2022-02-13 04:00
Gmail Active 	2022-02-13 05:00
Gmail Active 	2022-02-13 06:00
Gmail Active 	2022-02-13 07:00
Gmail Active 	2022-02-13 08:00
Gmail Active 	2022-02-13 09:00
